Metrics;LoadPoint;Modulation;Bandwidth; ;rep1;rep2;rep3;rep4;rep5;rep6;rep7;rep8;rep9;rep10
Percentage of cicuits by modulation;1;QPSK;all; ;0.42450492798952577;0.42376259676268313;0.4248689233930684;0.4243195228584817;0.4246547787754434;0.4240598702689687;0.42337616884821366;0.42450275617908395;0.42462672999568213;0.4244311973649353
Percentage of cicuits by modulation;1;16QAM;all; ;0.13032463812918244;0.1298290431233153;0.12987069078195876;0.12986274447361118;0.13010274529145638;0.1295277231647466;0.1301996629671842;0.13039735152058973;0.1301013567256778;0.1299204227746176
Percentage of cicuits by modulation;1;32QAM;all; ;0.007553371399476288;0.007593285362982222;0.007683311188878748;0.0075702086811732005;0.007465256272281273;0.007464475027741905;0.007471310734938349;0.007594703496088352;0.007758561916232984;0.007672340575516501
Percentage of cicuits by modulation;1;BPSK;all; ;0.1652524458102997;0.16558748528389022;0.16533212703832223;0.16582692246450328;0.1648322675446023;0.16567568150816014;0.16622444840136677;0.1646349299497212;0.164533100015908;0.16524525225605244
Percentage of cicuits by modulation;1;64QAM;all; ;0.0032095577538551064;0.0031773160543098317;0.003200621939035881;0.0032778457660969295;0.0032183902820978176;0.0031677451083950356;0.003264650302886369;0.003273069281482821;0.003290684726041406;0.0032790501214863058
Percentage of cicuits by modulation;1;8QAM;all; ;0.26915505891766073;0.2700502734128193;0.269044325658736;0.2691427557561337;0.2697265618341188;0.2701045049219876;0.2694637587454107;0.2695971895730339;0.2696895666204577;0.2694517369073918
Percentage of cicuits by modulation;2;QPSK;all; ;0.4240606379960277;0.42383903439168763;0.4247231135792669;0.42418603898131424;0.42455293888852874;0.4231632675531366;0.4244944991314418;0.424822367407994;0.4245063448422946;0.42395717784570164
Percentage of cicuits by modulation;2;16QAM;all; ;0.1319895539586675;0.13171935270882323;0.13179458042059194;0.13152782050184916;0.13192701628960113;0.1316110024883435;0.1319988419224088;0.13147532594437325;0.13162476180761937;0.13166328786145393
Percentage of cicuits by modulation;2;32QAM;all; ;0.0074500425600907945;0.0074517253761771825;0.007363194212203022;0.007441698025492586;0.007533593250789476;0.007467348459649314;0.007376954255935148;0.007420220186842742;0.0075363837412546885;0.00754464601364736
Percentage of cicuits by modulation;2;BPSK;all; ;0.1598475943415346;0.16010958078976936;0.1597036670165235;0.16030238620042048;0.15973579174499689;0.16112458754576547;0.15969310943833237;0.1598594916645537;0.16013482500104317;0.160002364584094
Percentage of cicuits by modulation;2;64QAM;all; ;0.0031430771814217966;0.0032596230698838167;0.003191527524321222;0.003101574841394113;0.0032215719140975896;0.0031651914703247365;0.003231036479444123;0.0031619006600511045;0.0032964434574174616;0.003188711197348884
Percentage of cicuits by modulation;2;8QAM;all; ;0.2735090939622576;0.27362068366365877;0.27322391724709344;0.2734404814495294;0.27302908791198616;0.2734686024827804;0.27320555877243774;0.2732606941361852;0.2729012411503707;0.2736438124977542
Percentage of cicuits by modulation;3;QPSK;all; ;0.4242516964371877;0.42425598041062346;0.42266131994612466;0.42372156580946885;0.4231856195554468;0.42329433091628216;0.4225428496648188;0.42394707313942986;0.42353902073374255;0.4241753918530376
Percentage of cicuits by modulation;3;16QAM;all; ;0.13297172487001632;0.13326426822377097;0.133715892286971;0.13365807112817915;0.13338831812427346;0.1335342310952067;0.13385789638740012;0.13272924435108904;0.13377931151528866;0.13373004514834877
Percentage of cicuits by modulation;3;32QAM;all; ;0.007330632842270766;0.0073436617065360706;0.007386668676003805;0.007327215540293796;0.007352352894113882;0.007403004049345512;0.007551302879752133;0.007331721853758817;0.007393290526970837;0.007451303271341223
Percentage of cicuits by modulation;3;BPSK;all; ;0.15509425435613058;0.15526464494255038;0.15575934106300213;0.15546066039180578;0.1548935679560247;0.15554548450889916;0.1549756071106039;0.15518477658087676;0.1549008099265503;0.15485188679578646
Percentage of cicuits by modulation;3;64QAM;all; ;0.003248121150211481;0.0031962233942362025;0.0031976716805907452;0.0032124303502220545;0.0032414357854510713;0.003215933703738582;0.0032020825326162052;0.00313072882754853;0.003186905401710369;0.0032109156999171945
Percentage of cicuits by modulation;3;8QAM;all; ;0.27710357034418315;0.2766752213222829;0.2772791063473076;0.2766200567800304;0.2779387056846901;0.2770070157265279;0.2778702614248088;0.27767645524729695;0.2772006618957373;0.27658045723156877
Percentage of cicuits by modulation;4;QPSK;all; ;0.42261140733443353;0.4221198940975822;0.42151107087081907;0.4230152918320116;0.4232901523990695;0.42202806428400097;0.42257497706160685;0.4220088951939114;0.42199269093902;0.4230854462410865
Percentage of cicuits by modulation;4;16QAM;all; ;0.13485132305759995;0.13571234237786645;0.13510318760599005;0.13536729041297174;0.1350532234763088;0.135548093067882;0.13522677525172264;0.1351113337039664;0.13593389691008606;0.13529716864172184
Percentage of cicuits by modulation;4;32QAM;all; ;0.007297520472966576;0.0075435696881296045;0.007444454025466356;0.007363666108558944;0.00740672415073636;0.007263132645718397;0.007174769566599301;0.007452600502271725;0.007288664716623914;0.007451825463657827
Percentage of cicuits by modulation;4;BPSK;all; ;0.1510427340593701;0.1502889064940139;0.15097415040288198;0.15153283866691755;0.14996370309853352;0.1510374190453346;0.1507133390504405;0.1508324866284531;0.15104992765325392;0.14998520655128175
Percentage of cicuits by modulation;4;64QAM;all; ;0.0031651751632623955;0.003242033048362024;0.0031928755521063875;0.0032419786496829333;0.0031840648217139325;0.0031650275845526506;0.0031699959820330912;0.0032626095124896957;0.003137425223699018;0.0031443565089377583
Percentage of cicuits by modulation;4;8QAM;all; ;0.2810318399123674;0.2810932542940458;0.28177426154273616;0.27947893432985726;0.28110213205363793;0.2809582633725114;0.28114014308759766;0.2813320744589077;0.2805973945573171;0.2810359965933143
Percentage of cicuits by modulation;5;QPSK;all; ;0.421577620930851;0.42227229465664295;0.4221361354928851;0.42172947003491196;0.4219164262320649;0.42147927812046265;0.4213828280035035;0.4212944956197838;0.4220925700365408;0.4215363884357231
Percentage of cicuits by modulation;5;16QAM;all; ;0.13757706467455347;0.13672739946550588;0.13726857599080877;0.13651601491980966;0.13669681846537743;0.13649374884282944;0.1368989246945058;0.13759426456871482;0.13648355663824605;0.137114096658134
Percentage of cicuits by modulation;5;32QAM;all; ;0.007321601530192763;0.007295978863962349;0.007327919849279257;0.007314945877927501;0.0073482825171553336;0.0072219623663772525;0.007527260279479536;0.007193674443557089;0.007392204628501827;0.007189599022380231
Percentage of cicuits by modulation;5;BPSK;all; ;0.14712003181395666;0.14693835769185304;0.14678233607415306;0.14706634735090546;0.14728122075795383;0.14724569045322108;0.14722682769651704;0.14667292556985484;0.14652740560292327;0.14661859792462922
Percentage of cicuits by modulation;5;64QAM;all; ;0.003136260835409129;0.003097774890962467;0.0032106049763160074;0.0032012785623969147;0.00313620945102932;0.0031523762192923474;0.0032294492637805873;0.003207891095084526;0.003194884287454324;0.003162887487222349
Percentage of cicuits by modulation;5;8QAM;all; ;0.283267420215037;0.2836681944310733;0.28327442761655786;0.2841719432540485;0.28362104257641924;0.2844069439978172;0.2837347100622135;0.2840367487030049;0.2843093788063337;0.2843784304719111


Average of slots by modulation;1;QPSK;all; ;6.906401158350305;6.888842802401851;6.906830759158882;6.896861593474335;6.894314745386917;6.89202748180733;6.880656748099219;6.907722874068717;6.903578165125105;6.900896281279739
Average of slots by modulation;1;16QAM;all; ;1.574751782077393;1.5739669177306963;1.5768098119066318;1.576429991492614;1.5755906916698013;1.5687868637960467;1.570368383912876;1.5856417115036217;1.5739801831693294;1.5771867250771157
Average of slots by modulation;1;32QAM;all; ;0.07512001745708467;0.0738623708505116;0.07555331774697129;0.07365940430100679;0.07346044005123059;0.07289789047938694;0.07281204227568738;0.07519643533413625;0.07635161239006431;0.07665063903957031
Average of slots by modulation;1;BPSK;all; ;3.4879698410677915;3.4930249048850666;3.4879936896828814;3.4945134184678515;3.484499564176316;3.4999994321001955;3.505170828821192;3.4741515096719313;3.476931118332841;3.478134170453757
Average of slots by modulation;1;64QAM;all; ;0.033175280040733196;0.03328568116837957;0.03311211610437938;0.03404091734187408;0.03305668662629284;0.03335161970703185;0.03449529733544083;0.03463448641357812;0.03544644683317046;0.0344720945330594
Average of slots by modulation;1;8QAM;all; ;3.806077474905441;3.8203998236339585;3.80447109608799;3.8152862257687357;3.815330083880433;3.815734686297827;3.808187874772878;3.8165989421094353;3.8130479740017726;3.8035139501752653
Average of slots by modulation;2;QPSK;all; ;6.77867478879193;6.793998540467282;6.795595275428362;6.779701453183797;6.794761675448913;6.786759277395248;6.802730746960046;6.791547270472757;6.805899289247845;6.808045613290817
Average of slots by modulation;2;16QAM;all; ;1.598018494820408;1.5963465347681545;1.6031408426419553;1.5935676437051445;1.6025057184927256;1.5988169068279356;1.6058506079907353;1.5938561178899204;1.5893992220207986;1.5979847716147908
Average of slots by modulation;2;32QAM;all; ;0.07404760939680481;0.07309131346361014;0.07249673961972453;0.0733588367128395;0.0746020206884417;0.07303351904156473;0.07297278517660684;0.0728811734344771;0.07468461242448549;0.0731525817433244
Average of slots by modulation;2;BPSK;all; ;3.224059479898319;3.2172815623950237;3.2072537241238055;3.2278396987702407;3.2138970949130883;3.238455627631623;3.2156456282570933;3.213025965560638;3.2197316018118847;3.208657159647677
Average of slots by modulation;2;64QAM;all; ;0.032921243565319606;0.03333989736936603;0.03333167469563034;0.03224388878737906;0.033807404869284984;0.032373963141919024;0.03366994788650839;0.032733949967640015;0.0334999327729534;0.033018403187088444
Average of slots by modulation;2;8QAM;all; ;3.865182371436678;3.8682493715900796;3.8628568915817967;3.865357883805431;3.8526770417565728;3.8649920087897516;3.8703242617255356;3.861033829211053;3.8519672024739555;3.862774143968398
Average of slots by modulation;3;QPSK;all; ;6.690171609067436;6.6897191090600865;6.660313315312091;6.680141125469731;6.682864040887977;6.671175487334024;6.673542026743756;6.6915402031971345;6.662587569183191;6.692371660547551
Average of slots by modulation;3;16QAM;all; ;1.610177210899565;1.6165768035411565;1.6229996891806613;1.6162518111887287;1.6176247040939746;1.6162868443356249;1.617013951931035;1.6094277442150984;1.625182681337746;1.6184605272921946
Average of slots by modulation;3;32QAM;all; ;0.0715116238016669;0.07317055942738745;0.07211008655847642;0.07179022016986888;0.07339998964623053;0.07202302476692721;0.07396739912143155;0.07301462458923166;0.07307371368766441;0.07287106041492192
Average of slots by modulation;3;BPSK;all; ;2.9775138221677206;2.9843673478997927;2.988944721251566;2.9828870642839473;2.968052738336714;2.98733755532536;2.9714347357574526;2.9862243221954428;2.952640747131314;2.9743103186297892
Average of slots by modulation;3;64QAM;all; ;0.033613346482732;0.03217413825579205;0.03205795367849978;0.03307024467245462;0.033497973955563504;0.03308221113099162;0.033633656292516606;0.032164441561102194;0.033449542235925285;0.03297372490956785
Average of slots by modulation;3;8QAM;all; ;3.9145544072061216;3.8957148238839707;3.909775268199414;3.8918151939591703;3.9245516111877183;3.902261276956399;3.912402528654866;3.9132403102235545;3.9183685495808938;3.9060730595220847
Average of slots by modulation;4;QPSK;all; ;6.562800742575741;6.554472747146591;6.5405768254242;6.553801864167687;6.568408279047704;6.532462221156153;6.553036563498869;6.5571861280984605;6.551738121576127;6.55549459829498
Average of slots by modulation;4;16QAM;all; ;1.6366256668020944;1.6443280002588831;1.6361547047608098;1.641408397024331;1.6351945777460464;1.642391460781962;1.6374486509826027;1.6391491574487664;1.6454109607119976;1.6407647554169775
Average of slots by modulation;4;32QAM;all; ;0.07265281468085183;0.07285405577735084;0.07340978988818947;0.07226316477041878;0.07210864632922129;0.0709594627008875;0.06994860600536129;0.0736944769280908;0.0709538012636085;0.07399479414347129
Average of slots by modulation;4;BPSK;all; ;2.763257841328966;2.766045067255706;2.770157272474682;2.7782115064474024;2.7513518499440575;2.770712401055409;2.770803173594161;2.7678167475030193;2.7740369964222555;2.748891090271181
Average of slots by modulation;4;64QAM;all; ;0.0327687312813027;0.03344028247036926;0.0326173914709743;0.03327192949864988;0.03381960799346416;0.0320460542096426;0.03297971226559361;0.03381827157180377;0.03193215003011448;0.03230961071069644
Average of slots by modulation;4;8QAM;all; ;3.9516594698181793;3.9508085906085313;3.9581213532235346;3.9412932198900483;3.9561897597217;3.9595118733509236;3.9558347476177054;3.960589881716926;3.945040468586155;3.960721297415399
Average of slots by modulation;5;QPSK;all; ;6.4342605084865685;6.4361891275656875;6.453856377152371;6.453218454372036;6.442925617981909;6.441856442638446;6.426918330626898;6.437935049654643;6.4528623629719855;6.450815028345369
Average of slots by modulation;5;16QAM;all; ;1.6663401507259388;1.6582064833918075;1.6698492792569117;1.6492309866223587;1.656954245945103;1.6518256497208175;1.6563712490086895;1.6631714350161249;1.6547466504263093;1.6593426408648475
Average of slots by modulation;5;32QAM;all; ;0.07231331867874491;0.07285132995933409;0.0707708372887792;0.07137462511663714;0.07304297606051154;0.07049361241851083;0.07335150076198435;0.07088085933927929;0.07152131546894032;0.07097855791337149
Average of slots by modulation;5;BPSK;all; ;2.591731054959586;2.5897337156603366;2.584540657115178;2.589539566487437;2.5884364765283845;2.5921509729977297;2.5910476888911087;2.587914626934824;2.5741084043848965;2.584393416418018
Average of slots by modulation;5;64QAM;all; ;0.031893247585286534;0.03108255167934252;0.03276326230569633;0.03347942922713729;0.03255979998440424;0.032325255064752825;0.033696641299673646;0.03245322587528119;0.03271619975639464;0.03339307405615953
Average of slots by modulation;5;8QAM;all; ;3.973054505797996;3.985401949087789;3.978079527585888;3.993595006590151;3.9784534856519027;3.9848301030003603;3.9902032323729446;3.987647607493614;3.996180267965895;3.984631485838281


Percentage of cicuits by modulation and bandwidth;1;QPSK;100.0; ;0.15284268620890312;0.15269299126806274;0.1533570727948272;0.1527337370171376;0.15363722422929668;0.1529956146777112;0.15245564654961802;0.15330656194664602;0.15312478694634457;0.15323874418292643
Percentage of cicuits by modulation and bandwidth;1;QPSK;400.0; ;0.14856138165551352;0.1484167965926808;0.1484129302398534;0.148902001282932;0.14828687767275836;0.14831952768909076;0.1485262484475014;0.14780443922815614;0.14850578369656614;0.14813938919164138
Percentage of cicuits by modulation and bandwidth;1;QPSK;1000.0; ;0.12310086012510911;0.12265280890193957;0.12309892035838782;0.12268378455841207;0.12273067687338839;0.12274472790216677;0.12239427385109422;0.12339175500428183;0.1229961593527714;0.1230530639903675
Percentage of cicuits by modulation and bandwidth;1;16QAM;100.0; ;0.0448019711958103;0.044316513407001004;0.04433475141192209;0.044305510693374704;0.044294914556965624;0.04421327136410669;0.044667643145200234;0.044192121660826776;0.044581051291957365;0.04453664088375176
Percentage of cicuits by modulation and bandwidth;1;16QAM;400.0; ;0.04395980324410823;0.043852870720964374;0.043681215327069235;0.043739109863563365;0.044243774880872964;0.04386912408269984;0.04427220342873506;0.04414208168571029;0.04394700361339;0.04344514014983122
Percentage of cicuits by modulation and bandwidth;1;16QAM;1000.0; ;0.041562863689263894;0.04165965899534994;0.04185472404296744;0.04181812391667311;0.04156405585361779;0.041445327717940066;0.04125981639324889;0.042063148174052684;0.04157330182033043;0.04193864174103463
Percentage of cicuits by modulation and bandwidth;1;32QAM;100.0; ;0.0028515511347105035;0.002915948853848007;0.0029448904275717214;0.002925266936294692;0.0028820048571327915;0.0028951532023302065;0.0029442077740266556;0.002846592220830959;0.002950935163511579;0.0028379019081934184
Percentage of cicuits by modulation and bandwidth;1;32QAM;400.0; ;0.0026810717922606925;0.0027591285335709123;0.00273234912693262;0.002721681095860497;0.0026194878531904907;0.0026452772884374464;0.002590811935461511;0.0027544731757301573;0.0027884462423016614;0.002782189891566224
Percentage of cicuits by modulation and bandwidth;1;32QAM;1000.0; ;0.0020207484725050916;0.0019182079755633032;0.0020060716343744066;0.0019232606490180112;0.0019637635619579904;0.0019240445369742526;0.001936291025450182;0.001993638099527236;0.002019180510419744;0.002052248775756859
Percentage of cicuits by modulation and bandwidth;1;BPSK;100.0; ;0.07304812518184463;0.07315781578839711;0.07301191481526524;0.07357978972653531;0.0725762918734509;0.07309665541089254;0.073474517432869;0.07289573375093968;0.07235870281571712;0.07331587690145681
Percentage of cicuits by modulation and bandwidth;1;BPSK;400.0; ;0.06059972359615944;0.06084742064664518;0.060791358320764606;0.06057986706640765;0.06069484046125715;0.06085955042779892;0.061071573452359175;0.060218560964042864;0.06075494852623685;0.060513482876513744
Percentage of cicuits by modulation and bandwidth;1;BPSK;1000.0; ;0.03160459703229561;0.03158224884884794;0.031528853902292375;0.03166726567156031;0.03156113520989428;0.031719475669468686;0.0316783575161386;0.03152063523473866;0.03141944867395405;0.03141589247808187
Percentage of cicuits by modulation and bandwidth;1;64QAM;100.0; ;0.0010853851469304627;0.0010704691427610377;0.0010763455171402625;0.0010907196702591795;0.0011182542505594113;0.001048343038740989;0.0010726870469630115;0.0010929185474305042;0.0010385655523487034;0.0010721720750907027
Percentage of cicuits by modulation and bandwidth;1;64QAM;400.0; ;0.0011422115944137328;0.00109660586280722;0.0011456771713594346;0.001179433053241678;0.0011182542505594113;0.0011074046183883685;0.0011420026294468504;0.0011133894463417936;0.0011556030270663364;0.0011710893291022521
Percentage of cicuits by modulation and bandwidth;1;64QAM;1000.0; ;9.819610125109107E-4;0.0010102410487415738;9.785992505361837E-4;0.0010076930425960721;9.818817809789952E-4;0.0010119974512656782;0.0010499606264765071;0.0010667612877105232;0.0010965161466263663;0.001035788717293351
Percentage of cicuits by modulation and bandwidth;1;8QAM;100.0; ;0.09192928062263601;0.09225921262562671;0.09196559786049334;0.09162045230177109;0.09254576716900981;0.0925756186984418;0.09245221486012456;0.0922907731972246;0.0922550735177147;0.09228866101284446
Percentage of cicuits by modulation and bandwidth;1;8QAM;400.0; ;0.08978237743671807;0.08993304454151647;0.08963446306043561;0.08961985178040935;0.08924896271690326;0.08985651443544512;0.08939551130468971;0.08932249285508764;0.0897802422562098;0.08993624953525946
Percentage of cicuits by modulation and bandwidth;1;8QAM;1000.0; ;0.08744340085830667;0.08785801624567607;0.087444264737807;0.0879024516739533;0.08793183194820574;0.08767237178810068;0.08761603258059641;0.08798392352072167;0.0876542508465332;0.08722682635928793
Percentage of cicuits by modulation and bandwidth;2;QPSK;100.0; ;0.1559459631609119;0.15519234556174635;0.15592428743188497;0.1561900818991537;0.15576062898789625;0.15511060785352268;0.1556525767226404;0.15622637402587178;0.1554057499988409;0.15502514688819574
Percentage of cicuits by modulation and bandwidth;2;QPSK;400.0; ;0.14993891034586587;0.14985810098576377;0.15023091708392977;0.14974292315911936;0.15022040506376003;0.1491858701031382;0.14985871453387378;0.1501711779614019;0.15007626792528062;0.14957037593409764
Percentage of cicuits by modulation and bandwidth;2;QPSK;1000.0; ;0.11817576448924996;0.1187885878441775;0.11856790906345215;0.11825303392304116;0.11857190483687247;0.11886678959647576;0.11898320787492762;0.11842481542072035;0.11902432691817309;0.11936165502340822
Percentage of cicuits by modulation and bandwidth;2;16QAM;100.0; ;0.045029155109816615;0.04504627645403051;0.044967211046989974;0.04487569415372802;0.04477903929322208;0.04491535343865428;0.04478401852924146;0.04500643147497861;0.04512209822566961;0.04499780348683425
Percentage of cicuits by modulation and bandwidth;2;16QAM;400.0; ;0.04478363839557144;0.04440917883909231;0.044135192087603844;0.044533387608965656;0.044693377661298536;0.04421880269765641;0.044555877243775334;0.04422724467739004;0.04466541794359419;0.04425481407298451
Percentage of cicuits by modulation and bandwidth;2;16QAM;1000.0; ;0.04217676045327944;0.0422638974157004;0.042692177285998126;0.042118738739155476;0.04245459933508052;0.042476846352032804;0.04265894614939201;0.04224164979200459;0.04183724563835558;0.04241067030163516
Percentage of cicuits by modulation and bandwidth;2;32QAM;100.0; ;0.0028153355298586543;0.0028391386440246033;0.002806183555648645;0.002821716112230289;0.002871979848679885;0.0029461430675816478;0.002840764331210191;0.002841195247076313;0.00281889960915586;0.002931388810648974
Percentage of cicuits by modulation and bandwidth;2;32QAM;400.0; ;0.002643937068970509;0.0026908686536389857;0.002634919569571944;0.0026771609835299667;0.0026589833584916146;0.0025625186162167675;0.002567458019687319;0.0026501613368205704;0.002736604431421458;0.0027099988292990517
Percentage of cicuits by modulation and bandwidth;2;32QAM;1000.0; ;0.001990769961261632;0.0019217180785135934;0.0019220910869824327;0.0019428209297323302;0.002002630043617977;0.0019586867758508986;0.0019687319050376373;0.0019288636029458587;0.0019808797006773704;0.001903258373699334
Percentage of cicuits by modulation and bandwidth;2;BPSK;100.0; ;0.07384378420007295;0.07425198948209756;0.07418739288768439;0.07433371650079447;0.07423622236833576;0.07488442009543093;0.0739965257672264;0.07414431280471356;0.07418968227106873;0.07449830827917392
Percentage of cicuits by modulation and bandwidth;2;BPSK;400.0; ;0.058834837895273225;0.05890257039928645;0.058630142692987317;0.05876223803719577;0.05839113564172138;0.05900746734845965;0.058618413433700056;0.05877245082613483;0.05895811986814226;0.05863473087207948
Percentage of cicuits by modulation and bandwidth;2;BPSK;1000.0; ;0.02716897224618841;0.026955020908385363;0.0268861314358518;0.02720643166243024;0.02710843373493976;0.027232700101874893;0.027078170237405906;0.02694272803370533;0.026987022861832192;0.026869325432840596
Percentage of cicuits by modulation and bandwidth;2;64QAM;100.0; ;0.0010515527195029445;0.001116658365091684;0.0010692427238842672;0.001059299983115961;0.001056879323597233;0.001085970123652244;0.0010735379270411117;0.0010616854285122163;0.0011335870961161312;0.0011011543574996146
Percentage of cicuits by modulation and bandwidth;2;64QAM;400.0; ;0.001096718530142388;0.0011699428928865156;0.0011201590440692323;0.0010708643934119867;0.0011506440828648954;0.0011334885602261415;0.0011546033584250144;0.001132310086243127;0.0011961777946746907;0.0010941996983996171
Percentage of cicuits by modulation and bandwidth;2;64QAM;1000.0; ;9.94805931776464E-4;9.730218119056169E-4;0.0010021257563677223;9.714104648661651E-4;0.001014048507635461;9.457327864463511E-4;0.0010028951939779966;9.67905145295761E-4;9.666785666266395E-4;9.933571414496524E-4
Percentage of cicuits by modulation and bandwidth;2;8QAM;100.0; ;0.09351059948927891;0.0935711058856236;0.09343607629579141;0.09340574196100018;0.0934950408860654;0.09343399515311947;0.09304806022003474;0.09348736455406317;0.09354527625679805;0.09382878324761716
Percentage of cicuits by modulation and bandwidth;2;8QAM;400.0; ;0.09125462515272413;0.09115824346395765;0.0910106079524349;0.09128020334859065;0.09124815943250326;0.09131189131490468;0.0910746960046323;0.09111970184816624;0.09098833031197986;0.0911697852517181
Percentage of cicuits by modulation and bandwidth;2;8QAM;1000.0; ;0.08874386932025455;0.08889133431407754;0.08877723299886711;0.08875453613993861;0.08828588759341749;0.08872271601475622;0.0890828025477707;0.08865362773395576;0.08836763458159277;0.08864524399841897
Percentage of cicuits by modulation and bandwidth;3;QPSK;100.0; ;0.15773511807391125;0.158187747221699;0.15784913017679028;0.15813945269705143;0.1576314340441353;0.15830704397777567;0.1573653793100196;0.15819187753069208;0.15840947020054874;0.15846328354411593
Percentage of cicuits by modulation and bandwidth;3;QPSK;400.0; ;0.1522921614363286;0.15165638538331136;0.15093339989262605;0.15130346688027896;0.15097796058978835;0.1507863263960825;0.15074428376393248;0.15101792839708802;0.1515123657586815;0.15097075428249698
Percentage of cicuits by modulation and bandwidth;3;QPSK;1000.0; ;0.11422441692694787;0.11441184780561311;0.11387878987670833;0.11427864623213844;0.11457622492152314;0.11420096054242396;0.11443318659086675;0.11473726721164974;0.1136171847745123;0.11474135402642469
Percentage of cicuits by modulation and bandwidth;3;16QAM;100.0; ;0.045400731062629894;0.04541344886042569;0.04532546552260033;0.045844573501867145;0.04534598061962604;0.04554336566531689;0.04597275636113266;0.045340818510743265;0.04544640247409461;0.04559947890348289
Percentage of cicuits by modulation and bandwidth;3;16QAM;400.0; ;0.04504296699391095;0.04504967978903748;0.04548322988386659;0.04514130217107046;0.04528715238395542;0.04535973255485451;0.04524886877828054;0.04475917878121751;0.04525075665431505;0.04545695476566558
Percentage of cicuits by modulation and bandwidth;3;16QAM;1000.0; ;0.042528026813475464;0.04280113957430778;0.042907196880504095;0.04267219545524155;0.042755185120692006;0.04263113287503532;0.04263627124798691;0.042629247059128274;0.043082152386879;0.04267361147920031
Percentage of cicuits by modulation and bandwidth;3;32QAM;100.0; ;0.0027938549313775564;0.002783009983047655;0.0029092219155890026;0.0028213313856919036;0.002708451970275269;0.002888690083812035;0.0028967293014131134;0.0027092166348962644;0.0028050424763574992;0.0028834635485683394
Percentage of cicuits by modulation and bandwidth;3;32QAM;400.0; ;0.0026785230934352647;0.002579346392917687;0.00255366342975012;0.002608111769487213;0.0026872738054338464;0.0026203032300593275;0.0027057361606606005;0.0026821362426308953;0.002641218567024015;0.002641997034084471
Percentage of cicuits by modulation and bandwidth;3;32QAM;1000.0; ;0.001858254817457945;0.001981305330570729;0.0019237833306646824;0.0018977723851146791;0.0019566271184047663;0.0018940107354741501;0.0019488374176784193;0.0019403689762316574;0.001947029483589323;0.0019258426886884128
Percentage of cicuits by modulation and bandwidth;3;BPSK;100.0; ;0.0754140766038775;0.07535906008664532;0.07565625264902845;0.07555867073472416;0.07540014965903155;0.07568156135229306;0.07541989016715436;0.07530821607327248;0.07561239498769552;0.07523507648599081
Percentage of cicuits by modulation and bandwidth;3;BPSK;400.0; ;0.056458465239219414;0.056607882840459596;0.05686698816060883;0.05669756976757884;0.056446868690671725;0.05651191260947359;0.0564467258824001;0.05648381122376293;0.0566547864867668;0.056413645096050666
Percentage of cicuits by modulation and bandwidth;3;BPSK;1000.0; ;0.023221712513033673;0.02329770201544547;0.023236100253364856;0.023204419889502764;0.023046549606321447;0.0233520105471325;0.023108991061049425;0.023392749283841364;0.022633628452087988;0.02320316521374498
Percentage of cicuits by modulation and bandwidth;3;64QAM;100.0; ;0.001090945038494943;0.0011348653230363534;0.0011349615243333867;0.0011037943667613;0.001134208383729522;0.0010711931443638761;0.0010563571241620471;0.001103231632723946;0.0010571945803750742;0.0011131017374988075
Percentage of cicuits by modulation and bandwidth;3;64QAM;400.0; ;0.0011639100788257807;0.0011325108306649086;0.0011455576381497773;0.0011285325542767614;0.0010953817481869138;0.0011841981354176476;0.0011318112044593361;0.0010631997485055745;0.0011196598119914388;0.0011201690501178474
Percentage of cicuits by modulation and bandwidth;3;64QAM;1000.0; ;9.932660328907572E-4;9.288472405349407E-4;9.171525181075812E-4;9.801034291839932E-4;0.0010118456535346356;9.605424239570581E-4;0.001013914203994822;9.642974463190093E-4;0.0010100510093438559;9.776449123005398E-4
Percentage of cicuits by modulation and bandwidth;3;8QAM;100.0; ;0.09451679490468648;0.0950025899416086;0.09493764775692044;0.09514660321125235;0.095345274680798;0.09517609944439212;0.0956168253167303;0.09540304454253565;0.09475386341564601;0.09482684495140634
Percentage of cicuits by modulation and bandwidth;3;8QAM;400.0; ;0.09289038061860232;0.09263043887737804;0.09287964698458148;0.09257029768285643;0.09245680830937063;0.0925251906959224;0.09272716983534506;0.09265026379834292;0.09244736420294364;0.09203879012319503
Percentage of cicuits by modulation and bandwidth;3;8QAM;1000.0; ;0.08969639482089437;0.08904219250329629;0.08946181160580573;0.08890315588592161;0.09013662269452144;0.08930572558621339;0.0895262662727335;0.0896231469064184;0.08999943427714763;0.08971482215696737
Percentage of cicuits by modulation and bandwidth;4;QPSK;100.0; ;0.16051069460074568;0.1603182346081335;0.16007492359135025;0.1611592980067524;0.16078209640361196;0.1607771647877189;0.16080263386726318;0.16031957517780804;0.1603362264033229;0.1610737049144196
Percentage of cicuits by modulation and bandwidth;4;QPSK;400.0; ;0.1520566447705098;0.15192490468662545;0.15195740277658015;0.15227591695261197;0.1525404237273923;0.15224754137682897;0.15207704901319932;0.15158733201694688;0.1518213863220258;0.1524348100030066
Percentage of cicuits by modulation and bandwidth;4;QPSK;1000.0; ;0.11004406796317802;0.10987675480282326;0.10947874450288868;0.10958007687264718;0.10996763226806519;0.10900335811945311;0.10969529418114433;0.11010198799915649;0.10983507821367125;0.1095769313236603
Percentage of cicuits by modulation and bandwidth;4;16QAM;100.0; ;0.04593758576594003;0.04637126012610969;0.04617214222068926;0.046242241124109656;0.04615216906928995;0.046228112257136;0.046310966650874655;0.045998840174069744;0.04666065176859599;0.04621425465574387
Percentage of cicuits by modulation and bandwidth;4;16QAM;400.0; ;0.045549279536141844;0.04584630246430468;0.0456883006141435;0.04564897700891814;0.04570294999173437;0.045913888222595345;0.04560452411079993;0.045725658033472;0.045732021893589096;0.045615329606422395
Percentage of cicuits by modulation and bandwidth;4;16QAM;1000.0; ;0.04336445775551808;0.04349477978745207;0.04324274477115729;0.043476072279943954;0.04319810441528447;0.04340609258815063;0.043311284490048035;0.04338683549642467;0.04354122324790098;0.04346758437955557
Percentage of cicuits by modulation and bandwidth;4;32QAM;100.0; ;0.0027588917931957724;0.0029699659496639913;0.00285274927423759;0.002894409774116186;0.002908543787479845;0.0028004317582153992;0.0027765950429082882;0.002819287617660027;0.0028410795142329924;0.002834113333389233
Percentage of cicuits by modulation and bandwidth;4;32QAM;400.0; ;0.00257792191449353;0.0026751267149515852;0.002631188142527282;0.002522870631268974;0.0025898977218004222;0.002596545934276805;0.0025619036767395697;0.0026719130418112456;0.002580727210774986;0.002623291716028073
Percentage of cicuits by modulation and bandwidth;4;32QAM;1000.0; ;0.0019607067652772734;0.0018984770235140282;0.001960516608701484;0.0019463857031737832;0.0019082826414560927;0.0018661549532261934;0.0018362708469514427;0.001961399842800452;0.001866857991615936;0.001994420414240521
Percentage of cicuits by modulation and bandwidth;4;BPSK;100.0; ;0.07668448800505277;0.07603975775241414;0.07669248752071896;0.0770763944403362;0.07624385767781289;0.07665147517390261;0.07624901799689357;0.07665874278703295;0.07651598227204776;0.07626951148079426
Percentage of cicuits by modulation and bandwidth;4;BPSK;400.0; ;0.054672078984363486;0.05423963238581272;0.05431122033476091;0.054435278480572696;0.053859570522603505;0.05446390021587911;0.05450282157228442;0.05419430439200199;0.05457800131015998;0.05394038779199094
Percentage of cicuits by modulation and bandwidth;4;BPSK;1000.0; ;0.019686167069953846;0.020009516355787058;0.019970442547402104;0.02002116574600865;0.019860274898117113;0.01992204365555289;0.019961499481262482;0.01997943944941817;0.019955944071046186;0.019775307278496555
Percentage of cicuits by modulation and bandwidth;4;64QAM;100.0; ;0.0010462695636228971;0.001100253729536539;0.0011425368629818056;0.0010930441879892182;0.0010326049196077538;0.0011237706884144878;0.001074656223950681;0.0010807468895577324;0.0010822017406411145;0.0010577016371017297
Percentage of cicuits by modulation and bandwidth;4;64QAM;400.0; ;0.0011589263093050876;0.0011541877358863695;0.0010742720818602512;0.0011805356635629166;0.0011188549824984247;0.0011045814343967379;0.0011046410516278762;0.0011873837777735177;0.0011289931684515396;0.0011451446943026656
Percentage of cicuits by modulation and bandwidth;4;64QAM;1000.0; ;9.599792903344107E-4;9.875915829391157E-4;9.760666072643308E-4;9.683987981307985E-4;0.0010326049196077538;9.366754617414248E-4;9.90698706454534E-4;9.944788451584456E-4;9.262303146063641E-4;9.415101775333631E-4
Percentage of cicuits by modulation and bandwidth;4;8QAM;100.0; ;0.09669903750391003;0.09684270326828093;0.09730964904716737;0.09598533978453126;0.09662882045851491;0.09625809546653874;0.09638802765800505;0.09648601499146905;0.096683087658341;0.09641854799006742
Percentage of cicuits by modulation and bandwidth;4;8QAM;400.0; ;0.09414148968172073;0.09408847334401627;0.0941107853563661;0.09313167946479187;0.0940736623453788;0.09416166946509955;0.09453496530755438;0.09441318559131952;0.09382521122130426;0.0939749337888358
Percentage of cicuits by modulation and bandwidth;4;8QAM;1000.0; ;0.09019131272673668;0.09016207768174861;0.09035382713920266;0.09036191508053411;0.09039964924974424;0.09053849844087311;0.09021715012203825;0.09043287387611909;0.09008909567767186;0.0906425148144111
Percentage of cicuits by modulation and bandwidth;5;QPSK;100.0; ;0.16367597582724827;0.16380429179528364;0.16295828404239265;0.1628729647883721;0.16339358819401123;0.1628979448650861;0.16305490551028587;0.1627343278486646;0.16319123020706455;0.1624415639479561
Percentage of cicuits by modulation and bandwidth;5;QPSK;400.0; ;0.1523617715299244;0.15327770662292572;0.15335811268030747;0.1528111075108232;0.1529103146444167;0.15293775153233743;0.15332513890530075;0.15306432242292708;0.15299147381242387;0.15323799997319587
Percentage of cicuits by modulation and bandwidth;5;QPSK;1000.0; ;0.10553987357367835;0.10519029623843361;0.10581973877018494;0.10604539773571667;0.10561252339363693;0.10564358172303914;0.10500278358791691;0.10549584534819213;0.10590986601705238;0.1058568245145711
Percentage of cicuits by modulation and bandwidth;5;16QAM;100.0; ;0.04733667900352052;0.04669694573044484;0.046339569550125845;0.046825398758956395;0.04678483702432938;0.04667782422701006;0.04678742281177707;0.04728682643126688;0.04652131546894032;0.04707049121007251
Percentage of cicuits by modulation and bandwidth;5;16QAM;400.0; ;0.046041187363223164;0.04609859503356735;0.046682780544561445;0.04622729077793018;0.046012359638178416;0.046203993334697574;0.046410998887783037;0.04638822675924966;0.04619001218026796;0.04614940379083518
Percentage of cicuits by modulation and bandwidth;5;16QAM;1000.0; ;0.04419919830780979;0.04393185870149368;0.044246225896121476;0.04346332538292311;0.04389962180286962;0.0436119312811218;0.043700502994945684;0.04391921137819829;0.04377222898903776;0.04389420165722633
Percentage of cicuits by modulation and bandwidth;5;32QAM;100.0; ;0.002789820509755223;0.0027918970398092104;0.002864959861352495;0.002828526948967137;0.0028157653618215844;0.002816187719862406;0.0029614451755000408;0.0027909018307291826;0.0028928136419001218;0.0027876296497552906
Percentage of cicuits by modulation and bandwidth;5;32QAM;400.0; ;0.0026019620233090905;0.0025091732889424546;0.002628850170145025;0.0026104794365359924;0.002548931690580162;0.0025396848598240127;0.0026179126623404308;0.002495839251857858;0.0026370280146163216;0.0024854739884181787
Percentage of cicuits by modulation and bandwidth;5;32QAM;1000.0; ;0.0019298189971284488;0.001994908535210684;0.0018341098177817373;0.0018759394924243715;0.001983585464753587;0.0018660897866908332;0.0019479024416390643;0.0019069333609700488;0.0018623629719853837;0.0019164953842067622
Percentage of cicuits by modulation and bandwidth;5;BPSK;100.0; ;0.07755017895350624;0.07751627184863555;0.07739894748628373;0.07760055157493648;0.0781530236275733;0.07783129184085129;0.07781985983386183;0.07718812677936757;0.07749208282582216;0.07717396734038444
Percentage of cicuits by modulation and bandwidth;5;BPSK;400.0; ;0.05229175154861265;0.052094288370914066;0.0521729393952671;0.052196189162916816;0.05177669798814723;0.05207389325771528;0.052095121960133176;0.05218705992086958;0.051939098660170525;0.052231504844846725
Percentage of cicuits by modulation and bandwidth;5;BPSK;1000.0; ;0.017278101311837768;0.01732779747230343;0.01721044919260222;0.017269606613052154;0.01735149914223331;0.017340505354654506;0.01731184590252204;0.017297738869617697;0.017096224116930573;0.017213125739398052
Percentage of cicuits by modulation and bandwidth;5;64QAM;100.0; ;0.0010527394402792991;0.0010748377080365445;0.0010734471528092186;0.0010354211484160493;0.0010490584061135372;0.0010962668459671998;0.0010817619563323884;0.0010839282339529242;0.0010657734470158344;0.0010417060098517365
Percentage of cicuits by modulation and bandwidth;5;64QAM;400.0; ;0.0011759453307407235;0.0011455186457532333;0.0012000214202606456;0.0011767256816116512;0.0011209451029320025;0.0010987029945137934;0.001136580974389773;0.0012070741862917828;0.0011875761266747868;0.0011050612291643568
Percentage of cicuits by modulation and bandwidth;5;64QAM;1000.0; ;9.075760643891061E-4;8.774185371726894E-4;9.371364032461432E-4;9.891317323692142E-4;9.662059419837804E-4;9.574063788113544E-4;0.001011106333058426;9.168886748398188E-4;9.415347137637028E-4;0.0010161202482062554
Percentage of cicuits by modulation and bandwidth;5;8QAM;100.0; ;0.09759126384846407;0.09757137860731743;0.09719199855900065;0.097679194856515;0.09795719939176543;0.09823159977002757;0.09753765152890241;0.09778520175818281;0.09776979293544458;0.09830049624193896
Percentage of cicuits by modulation and bandwidth;5;8QAM;400.0; ;0.09537111809955524;0.09529983950552591;0.09566093674694397;0.0954950653046209;0.0950866051933874;0.09565537268200466;0.09515119694280427;0.09548566446995421;0.0954311814859927;0.0955116482225815
Percentage of cicuits by modulation and bandwidth;5;8QAM;1000.0; ;0.09030503826701766;0.09079697631822996;0.09042149231061325;0.0909976830929126;0.09057723799126638;0.09051997154578498;0.0910458615905068;0.09076588247486786;0.09110840438489647;0.09056628600739063


Average of slots by modulation and bandwidth;1;QPSK;100.0; ;0.7642134310445156;0.7634649563403137;0.7667853639741359;0.7636686850856881;0.7681861211464833;0.764978073388556;0.7622782327480901;0.76653280973323;0.7656239347317229;0.7661937209146321
Average of slots by modulation and bandwidth;1;QPSK;400.0; ;2.0798593431771892;2.0778351522975314;2.077781023357948;2.084628017961048;2.076016287418617;2.0764733876472707;2.0793674782650196;2.0692621491941856;2.079080971751926;2.0739514486829793
Average of slots by modulation and bandwidth;1;QPSK;1000.0; ;4.062328384128601;4.047542693764006;4.062264371826799;4.048564890427598;4.050112336821817;4.050576020771503;4.03901103708611;4.0719279151413;4.058873258641456;4.060751111682127
Average of slots by modulation and bandwidth;1;16QAM;100.0; ;0.1792078847832412;0.17726605362800402;0.17733900564768837;0.17722204277349882;0.1771796582278625;0.17685308545642675;0.17867057258080093;0.1767684866433071;0.17832420516782946;0.17814656353500705
Average of slots by modulation and bandwidth;1;16QAM;400.0; ;0.43959803244108236;0.43852870720964376;0.4368121532706924;0.4373910986356337;0.44243774880872966;0.4386912408269984;0.4427220342873506;0.4414208168571029;0.43947003613389996;0.43445140149831213
Average of slots by modulation and bandwidth;1;16QAM;1000.0; ;0.9559458648530695;0.9581721568930486;0.9626586529882512;0.9618168500834816;0.9559732846332092;0.9532425375126216;0.9489757770447245;0.9674524080032116;0.9561859418676;0.9645887600437965
Average of slots by modulation and bandwidth;1;32QAM;100.0; ;0.00855465340413151;0.008747846561544021;0.008834671282715164;0.008775800808884076;0.008646014571398375;0.008685459606990619;0.008832623322079968;0.008539776662492877;0.008852805490534736;0.008513705724580255
Average of slots by modulation and bandwidth;1;32QAM;400.0; ;0.02412964613034623;0.02483215680213821;0.02459114214239358;0.024495129862744474;0.023575390678714416;0.023807495595937016;0.0233173074191536;0.024790258581571415;0.025096016180714952;0.025039709024096017
Average of slots by modulation and bandwidth;1;32QAM;1000.0; ;0.042435717922606926;0.04028236748682937;0.04212750432186255;0.04038847362937823;0.0412390348011178;0.0404049352764593;0.04066211153445382;0.041866400090071955;0.04240279071881463;0.04309722429089404
Average of slots by modulation and bandwidth;1;BPSK;100.0; ;0.5113368762729125;0.5121047105187798;0.5110834037068567;0.5150585280857471;0.5080340431141562;0.5116765878762478;0.5143216220300829;0.5102701362565777;0.5065109197100198;0.5132111383101977
Average of slots by modulation and bandwidth;1;BPSK;400.0; ;1.3331939191155078;1.338643254226194;1.3374098830568213;1.3327570754609683;1.3352864901476573;1.3389101094115763;1.3435746159519018;1.324808341208943;1.3366088675772105;1.3312966232833023
Average of slots by modulation and bandwidth;1;BPSK;1000.0; ;1.6434390456793715;1.6422769401400927;1.6395004029192035;1.646697814921136;1.6411790309145025;1.6494127348123715;1.6472745908392072;1.6390730322064104;1.6338113310456106;1.6336264088602572
Average of slots by modulation and bandwidth;1;64QAM;100.0; ;0.003256155440791388;0.003211407428283113;0.0032290365514207873;0.0032721590107775388;0.003354762751678234;0.0031450291162229667;0.0032180611408890347;0.0032787556422915125;0.0031156966570461105;0.003216516225272108
Average of slots by modulation and bandwidth;1;64QAM;400.0; ;0.010279904349723597;0.00986945276526498;0.010311094542234911;0.010614897479175102;0.010064288255034701;0.009966641565495317;0.010278023665021653;0.010020505017076142;0.010400427243597028;0.010539803961920268
Average of slots by modulation and bandwidth;1;64QAM;1000.0; ;0.019639220250218213;0.020204820974831474;0.019571985010723675;0.020153860851921442;0.019637635619579905;0.020239949025313567;0.02099921252953014;0.021335225754210464;0.02193032293252733;0.020715774345867022
Average of slots by modulation and bandwidth;1;8QAM;100.0; ;0.36771712249054406;0.36903685050250684;0.36786239144197336;0.36648180920708434;0.37018306867603923;0.3703024747937672;0.36980885944049824;0.3691630927888984;0.3690202940708588;0.3691546440513778
Average of slots by modulation and bandwidth;1;8QAM;400.0; ;1.077388529240617;1.0791965344981977;1.0756135567252272;1.0754382213649123;1.070987552602839;1.0782781732253415;1.0727461356562766;1.0718699142610517;1.0773629070745177;1.0792349944231134
Average of slots by modulation and bandwidth;1;8QAM;1000.0; ;2.36097182317428;2.372166438633254;2.3609951479207893;2.373366195196739;2.374159462601555;2.3671540382787186;2.3656328796761033;2.375565935059485;2.3666647728563963;2.355124311700774
Average of slots by modulation and bandwidth;2;QPSK;100.0; ;0.7797298158045595;0.7759617278087317;0.7796214371594248;0.7809504094957685;0.7788031449394812;0.7755530392676134;0.7782628836132021;0.7811318701293589;0.7770287499942046;0.7751257344409787
Average of slots by modulation and bandwidth;2;QPSK;400.0; ;2.0991447448421225;2.0980134138006927;2.103232839175017;2.096400924227671;2.1030856708926406;2.088602181443935;2.0980220034742327;2.1023964914596265;2.1010677509539284;2.093985263077367
Average of slots by modulation and bandwidth;2;QPSK;1000.0; ;3.8998002281452484;3.920023398857858;3.912740999093921;3.9023501194603583;3.9128728596167917;3.9226040566836997;3.9264458598726115;3.9080189088837716;3.927802788299712;3.9389346157724714
Average of slots by modulation and bandwidth;2;16QAM;100.0; ;0.18011662043926646;0.18018510581612204;0.1798688441879599;0.17950277661491207;0.1791161571728883;0.1796614137546171;0.17913607411696583;0.18002572589991445;0.18048839290267843;0.179991213947337
Average of slots by modulation and bandwidth;2;16QAM;400.0; ;0.44783638395571435;0.4440917883909231;0.4413519208760384;0.4453338760896566;0.4469337766129854;0.4421880269765641;0.4455587724377533;0.4422724467739004;0.4466541794359419;0.4425481407298451
Average of slots by modulation and bandwidth;2;16QAM;1000.0; ;0.9700654904254272;0.9720696405611092;0.981920077577957;0.9687309910005759;0.976455784706852;0.9769674660967544;0.9811557614360162;0.9715579452161056;0.9622566496821784;0.9754454169376086
Average of slots by modulation and bandwidth;2;32QAM;100.0; ;0.008446006589575962;0.008517415932073811;0.008418550666945935;0.008465148336690867;0.008615939546039654;0.008838429202744942;0.008522292993630573;0.008523585741228938;0.008456698827467581;0.008794166431946922
Average of slots by modulation and bandwidth;2;32QAM;400.0; ;0.023795433620734583;0.02421781788275087;0.023714276126147498;0.0240944488517697;0.02393085022642453;0.023062667545950908;0.02310712217718587;0.023851452031385136;0.024629439882793123;0.024389989463691465
Average of slots by modulation and bandwidth;2;32QAM;1000.0; ;0.04180616918649426;0.04035607964878546;0.040363912826631085;0.04079923952437893;0.042055230915977515;0.04113242229286888;0.041343370005790386;0.040506135661863035;0.04159847371422478;0.039968425847686014
Average of slots by modulation and bandwidth;2;BPSK;100.0; ;0.5169064894005108;0.5197639263746829;0.5193117502137907;0.5203360155055613;0.5196535565783503;0.5241909406680165;0.5179756803705848;0.519010189632995;0.519327775897481;0.5214881579542174
Average of slots by modulation and bandwidth;2;BPSK;400.0; ;1.294366433696011;1.295856548784302;1.289863139245721;1.292769236818307;1.2846049841178704;1.2981642816661123;1.2896050955414013;1.2929939181749661;1.2970786370991298;1.2899640791857485
Average of slots by modulation and bandwidth;2;BPSK;1000.0; ;1.4127865568017974;1.4016610872360389;1.3980788346642936;1.4147344464463723;1.4096385542168675;1.4161004052974944;1.4080648523451071;1.4010218577526772;1.403325188815274;1.397204922507711
Average of slots by modulation and bandwidth;2;64QAM;100.0; ;0.0031546581585088335;0.0033499750952750524;0.0032077281716528017;0.003177899949347883;0.003170637970791699;0.0032579103709567316;0.003220613781123335;0.003185056285536649;0.0034007612883483937;0.0033034630724988437
Average of slots by modulation and bandwidth;2;64QAM;400.0; ;0.009870466771281493;0.01052948603597864;0.01008143139662309;0.00963777954070788;0.010355796745784058;0.010201397042035272;0.01039143022582513;0.010190790776188145;0.010765600152072216;0.009847797285596553
Average of slots by modulation and bandwidth;2;64QAM;1000.0; ;0.01989611863552928;0.019460436238112336;0.020042515127354447;0.019428209297323303;0.020280970152709223;0.018914655728927022;0.02005790387955993;0.01935810290591522;0.01933357133253279;0.019867142828993045
Average of slots by modulation and bandwidth;2;8QAM;100.0; ;0.37404239795711564;0.3742844235424944;0.37374430518316565;0.37362296784400073;0.3739801635442616;0.37373598061247787;0.37219224088013897;0.3739494582162527;0.3741811050271922;0.37531513299046865
Average of slots by modulation and bandwidth;2;8QAM;400.0; ;1.0950555018326895;1.093898921567492;1.0921272954292187;1.0953624401830877;1.0949779131900392;1.095742695778856;1.0928963520555877;1.093436422177995;1.0918599637437583;1.0940374230206171
Average of slots by modulation and bandwidth;2;8QAM;1000.0; ;2.3960844716468728;2.4000660264800935;2.396985290969412;2.3963724757783424;2.383718965022272;2.395513332398418;2.405235668789809;2.3936479488168056;2.3859261337030047;2.393421587957312
Average of slots by modulation and bandwidth;3;QPSK;100.0; ;0.7886755903695561;0.790938736108495;0.7892456508839514;0.7906972634852573;0.7881571702206764;0.7915352198888784;0.786826896550098;0.7909593876534604;0.7920473510027437;0.7923164177205797
Average of slots by modulation and bandwidth;3;QPSK;400.0; ;2.1320902601086003;2.123189395366359;2.1130675984967646;2.118248536323905;2.113691448257037;2.111008569545155;2.1104199726950545;2.1142509975592323;2.121173120621541;2.113590559954958
Average of slots by modulation and bandwidth;3;QPSK;1000.0; ;3.7694057585892797;3.7755909775852325;3.758000065931375;3.7711953256605684;3.7810154224102632;3.7686316978999908;3.776295157498603;3.786329817984442;3.7493670975589057;3.7864646828720145
Average of slots by modulation and bandwidth;3;16QAM;100.0; ;0.18160292425051958;0.18165379544170276;0.18130186209040133;0.18337829400746858;0.18138392247850416;0.18217346266126755;0.18389102544453065;0.18136327404297306;0.18178560989637843;0.18239791561393157
Average of slots by modulation and bandwidth;3;16QAM;400.0; ;0.4504296699391095;0.45049679789037483;0.45483229883866594;0.4514130217107046;0.4528715238395542;0.45359732554854504;0.45248868778280543;0.4475917878121751;0.4525075665431505;0.4545695476566558
Average of slots by modulation and bandwidth;3;16QAM;1000.0; ;0.9781446167099357;0.984426210209079;0.9868655282515941;0.9814604954705557;0.9833692577759162;0.9805160561258123;0.9806342387036989;0.9804726823599502;0.990889504898217;0.9814930640216071
Average of slots by modulation and bandwidth;3;32QAM;100.0; ;0.008381564794132669;0.008349029949142965;0.008727665746767008;0.00846399415707571;0.008125355910825808;0.008666070251436104;0.00869018790423934;0.008127649904688793;0.008415127429072498;0.008650390645705018
Average of slots by modulation and bandwidth;3;32QAM;400.0; ;0.024106707840917382;0.023214117536259182;0.02298297086775108;0.023473005925384913;0.02418546424890462;0.023582729070533947;0.024351625445945404;0.02413922618367806;0.023770967103216134;0.02377797330676024
Average of slots by modulation and bandwidth;3;32QAM;1000.0; ;0.03902335116661684;0.041607411941985306;0.04039944994395833;0.03985322008740826;0.0410891694865001;0.03977422544495715;0.04092558577124681;0.04074774850086481;0.04088761915537578;0.04044269646245667
Average of slots by modulation and bandwidth;3;BPSK;100.0; ;0.5278985362271426;0.5275134206065172;0.5295937685431992;0.5289106951430692;0.5278010476132208;0.5297709294660514;0.5279392311700806;0.5271575125129073;0.5292867649138687;0.5266455354019357
Average of slots by modulation and bandwidth;3;BPSK;400.0; ;1.2420862352628272;1.2453734224901112;1.2510737395333942;1.2473465348867345;1.241831111194778;1.2432620774084189;1.2418279694128023;1.2426438469227843;1.2464053027088695;1.2411001921131146
Average of slots by modulation and bandwidth;3;BPSK;1000.0; ;1.2075290506777512;1.2114805048031645;1.2082772131749724;1.2066298342541437;1.1984205795287153;1.2143045484508899;1.20166753517457;1.216422962759751;1.1769486795085755;1.206564591114739
Average of slots by modulation and bandwidth;3;64QAM;100.0; ;0.003272835115484829;0.00340459596910906;0.0034048845730001603;0.0033113831002839003;0.003402625151188566;0.0032135794330916284;0.003169071372486141;0.003309694898171838;0.0031715837411252228;0.0033393052124964222
Average of slots by modulation and bandwidth;3;64QAM;400.0; ;0.010475190709432026;0.010192597475984179;0.010310018743347995;0.010156792988490853;0.009858435733682225;0.01065778321875883;0.010186300840134025;0.00956879773655017;0.010076938307922948;0.010081521451060628
Average of slots by modulation and bandwidth;3;64QAM;1000.0; ;0.019865320657815145;0.01857694481069881;0.018343050362151624;0.019602068583679865;0.020236913070692714;0.019210848479141163;0.02027828407989644;0.01928594892638019;0.020201020186877115;0.019552898246010798
Average of slots by modulation and bandwidth;3;8QAM;100.0; ;0.3780671796187459;0.3800103597664344;0.37975059102768177;0.3805864128450094;0.381381098723192;0.3807043977775685;0.3824673012669212;0.3816121781701426;0.37901545366258405;0.37930737980562534
Average of slots by modulation and bandwidth;3;8QAM;400.0; ;1.1146845674232277;1.1115652665285365;1.1145557638149777;1.1108435721942773;1.1094816997124475;1.110302288351069;1.1127260380241406;1.111803165580115;1.1093683704353237;1.1044654814783406
Average of slots by modulation and bandwidth;3;8QAM;1000.0; ;2.421802660164148;2.4041391975889996;2.415468913356755;2.4003852089198836;2.433688812752079;2.4112545908277614;2.4172091893638044;2.419824966473297;2.429984725482986;2.422300198238119
Average of slots by modulation and bandwidth;4;QPSK;100.0; ;0.8025534730037285;0.8015911730406674;0.8003746179567512;0.8057964900337621;0.8039104820180598;0.8038858239385944;0.8040131693363158;0.8015978758890401;0.8016811320166145;0.805368524572098
Average of slots by modulation and bandwidth;4;QPSK;400.0; ;2.1287930267871373;2.126948665612756;2.127403638872122;2.1318628373365676;2.1355659321834923;2.1314655792756056;2.1290786861847906;2.122222648237256;2.1254994085083614;2.1340873400420923
Average of slots by modulation and bandwidth;4;QPSK;1000.0; ;3.6314542427848746;3.625932908493168;3.6127985685953266;3.6161425367973568;3.6289318648461513;3.5971108179419526;3.6199447079777634;3.6333656039721642;3.6245575810511514;3.6160387336807895
Average of slots by modulation and bandwidth;4;16QAM;100.0; ;0.18375034306376012;0.18548504050443876;0.18468856888275703;0.18496896449643863;0.1846086762771598;0.184912449028544;0.18524386660349862;0.18399536069627898;0.18664260707438396;0.1848570186229755
Average of slots by modulation and bandwidth;4;16QAM;400.0; ;0.4554927953614184;0.4584630246430468;0.45688300614143507;0.4564897700891814;0.4570294999173437;0.45913888222595345;0.4560452411079994;0.45725658033472;0.4573202189358909;0.45615329606422395
Average of slots by modulation and bandwidth;4;16QAM;1000.0; ;0.9973825283769159;1.0003799351113978;0.9945831297366177;0.999949662438711;0.9935564015515428;0.9983401295274646;0.9961595432711048;0.9978972164177674;1.0014481347017226;0.9997544407297781
Average of slots by modulation and bandwidth;4;32QAM;100.0; ;0.008276675379587317;0.008909897848991974;0.008558247822712771;0.008683229322348558;0.008725631362439534;0.008401295274646198;0.008329785128724865;0.008457862852980082;0.008523238542698977;0.0085023400001677
Average of slots by modulation and bandwidth;4;32QAM;400.0; ;0.02320129723044177;0.024076140434564266;0.023680693282745538;0.022705835681420764;0.0233090794962038;0.023368913408491246;0.02305713309065613;0.024047217376301208;0.023226544896974875;0.023609625444252654
Average of slots by modulation and bandwidth;4;32QAM;1000.0; ;0.04117484207082274;0.039868017493794594;0.04117084878273117;0.04087409976664945;0.04007393547057795;0.03918925401775006;0.03856168778598029;0.0411893966988095;0.03920401782393466;0.041882828699050946
Average of slots by modulation and bandwidth;4;BPSK;100.0; ;0.5367914160353694;0.532278304266899;0.5368474126450328;0.5395347610823534;0.5337070037446903;0.5365603262173183;0.533743125978255;0.5366111995092306;0.5356118759043343;0.5338865803655599
Average of slots by modulation and bandwidth;4;BPSK;400.0; ;1.2027857376559967;1.19327191248788;1.19484684736474;1.1975761265725993;1.184910551497277;1.1982058047493405;1.1990620745902574;1.1922746966240438;1.2007160288235195;1.1866885314238005
Average of slots by modulation and bandwidth;4;BPSK;1000.0; ;1.0236806876376001;1.040494850500927;1.0384630124649095;1.0411006187924499;1.0327342947020899;1.0359462700887503;1.037997973025649;1.0389308513697448;1.0377090916944016;1.0283159784818208
Average of slots by modulation and bandwidth;4;64QAM;100.0; ;0.0031388086908686916;0.0033007611886096172;0.003427610588945417;0.0032791325639676544;0.0030978147588232616;0.003371312065243464;0.003223968671852043;0.0032422406686731975;0.0032466052219233435;0.0031731049113051892
Average of slots by modulation and bandwidth;4;64QAM;400.0; ;0.010430336783745789;0.010387689622977325;0.00966844873674226;0.010624820972066249;0.010069694842485823;0.00994123290957064;0.009941769464650887;0.010686453999961659;0.010160938516063858;0.010306302248723991
Average of slots by modulation and bandwidth;4;64QAM;1000.0; ;0.019199585806688214;0.019751831658782314;0.019521332145286615;0.019367975962615972;0.020652098392155076;0.018733509234828496;0.01981397412909068;0.019889576903168914;0.018524606292127283;0.018830203550667262
Average of slots by modulation and bandwidth;4;8QAM;100.0; ;0.3867961500156401;0.3873708130731237;0.38923859618866946;0.38394135913812505;0.38651528183405964;0.38503238186615496;0.3855521106320202;0.3859440599658762;0.386732350633364;0.3856741919602697
Average of slots by modulation and bandwidth;4;8QAM;400.0; ;1.1296978761806487;1.1290616801281952;1.1293294242763934;1.1175801535775025;1.1288839481445456;1.1299400335811944;1.1344195836906525;1.1329582270958343;1.125902534655651;1.1276992054660295
Average of slots by modulation and bandwidth;4;8QAM;1000.0; ;2.4351654436218904;2.4343760974072124;2.439553332758472;2.4397717071744207;2.4407905297430945;2.444539457903574;2.4358630532950327;2.4416875946552152;2.43240558329714;2.4473478999890994
Average of slots by modulation and bandwidth;5;QPSK;100.0; ;0.8183798791362413;0.8190214589764182;0.8147914202119633;0.8143648239418605;0.8169679409700561;0.8144897243254304;0.8152745275514294;0.813671639243323;0.8159561510353228;0.8122078197397806
Average of slots by modulation and bandwidth;5;QPSK;400.0; ;2.1330648014189415;2.1458878927209604;2.1470135775243047;2.1393555051515247;2.140744405021834;2.1411285214527243;2.1465519446742105;2.142900513920979;2.141880633373934;2.145331999624742
Average of slots by modulation and bandwidth;5;QPSK;1000.0; ;3.482815827931385;3.471279775868309;3.492051379416103;3.49949812527865;3.485213271990019;3.486238196860292;3.465091858401258;3.4813628964903405;3.4950255785627284;3.493275208980846
Average of slots by modulation and bandwidth;5;16QAM;100.0; ;0.18934671601408207;0.18678778292177936;0.18535827820050338;0.18730159503582558;0.18713934809731753;0.18671129690804025;0.18714969124710829;0.18914730572506752;0.18608526187576127;0.18828196484029003
Average of slots by modulation and bandwidth;5;16QAM;400.0; ;0.4604118736322316;0.4609859503356735;0.4668278054456144;0.4622729077793018;0.46012359638178413;0.46203993334697574;0.46410998887783034;0.4638822675924966;0.46190012180267964;0.4614940379083518
Average of slots by modulation and bandwidth;5;16QAM;1000.0; ;1.0165815610796252;1.0104327501343546;1.0176631956107938;0.9996564838072314;1.0096913014660012;1.0030744194658014;1.0051115688837509;1.0101418616985607;1.0067612667478685;1.0095666381162056
Average of slots by modulation and bandwidth;5;32QAM;100.0; ;0.008369461529265668;0.00837569111942763;0.008594879584057484;0.008485580846901411;0.008447296085464753;0.00844856315958722;0.008884335526500123;0.008372705492187547;0.008678440925700366;0.008362888949265871
Average of slots by modulation and bandwidth;5;32QAM;400.0; ;0.023417658209781814;0.022582559600482093;0.023659651531305226;0.023494314928823933;0.02294038521522146;0.022857163738416113;0.02356121396106388;0.02246255326672072;0.023733252131546895;0.02236926589576361
Average of slots by modulation and bandwidth;5;32QAM;1000.0; ;0.04052619893969742;0.04189307923942436;0.03851630617341648;0.0393947293409118;0.04165529475982533;0.0391878855205075;0.04090595127442035;0.04004560058037102;0.03910962241169306;0.040246403068342006
Average of slots by modulation and bandwidth;5;BPSK;100.0; ;0.5428512526745437;0.5426139029404489;0.5417926324039861;0.5432038610245553;0.5470711653930131;0.5448190428859591;0.5447390188370328;0.5403168874555729;0.5424445797807552;0.5402177713826911
Average of slots by modulation and bandwidth;5;BPSK;400.0; ;1.1504185340694784;1.1460743441601093;1.147804666695876;1.14831616158417;1.139087355739239;1.1456256516697363;1.14609268312293;1.1481153182591308;1.1426601705237516;1.1490931065866279
Average of slots by modulation and bandwidth;5;BPSK;1000.0; ;0.8984612682155639;0.9010454685597784;0.8949433580153154;0.898019543878712;0.9022779553961322;0.9017062784420343;0.9002159869311461;0.8994824212201203;0.8890036540803897;0.8950825384486987
Average of slots by modulation and bandwidth;5;64QAM;100.0; ;0.0031582183208378974;0.0032245131241096336;0.0032203414584276555;0.003106263445248148;0.0031471752183406115;0.0032888005379015993;0.003245285868997165;0.0032517847018587722;0.003197320341047503;0.00312511802955521
Average of slots by modulation and bandwidth;5;64QAM;400.0; ;0.010583507976666512;0.0103096678117791;0.01080019278234581;0.010590531134504862;0.010088505926388023;0.009888326950624141;0.010229228769507957;0.010863667676626046;0.010688185140073081;0.009945551062479211
Average of slots by modulation and bandwidth;5;64QAM;1000.0; ;0.018151521287782125;0.01754837074345379;0.018742728064922862;0.019782634647384282;0.019324118839675608;0.019148127576227088;0.020222126661168523;0.018337773496796377;0.018830694275274056;0.02032240496412511
Average of slots by modulation and bandwidth;5;8QAM;100.0; ;0.3903650553938563;0.39028551442926973;0.3887679942360026;0.39071677942606;0.39182879756706174;0.3929263990801103;0.39015060611560964;0.39114080703273124;0.3910791717417783;0.3932019849677558
Average of slots by modulation and bandwidth;5;8QAM;400.0; ;1.1444534171946628;1.143598074066311;1.1479312409633275;1.1459407836554507;1.1410392623206487;1.1478644721840559;1.1418143633136513;1.1458279736394505;1.1451741778319122;1.1461397786709782
Average of slots by modulation and bandwidth;5;8QAM;1000.0; ;2.438236033209477;2.4515183605922086;2.4413802923865577;2.4569374435086404;2.4455854257641922;2.4440392317361943;2.458238262943684;2.450678826821432;2.459926918392205;2.445289722199547


